{"cameraMode":{"drawMode":0,"name":"Shaded","section":"Shading Mode"},"sceneLighting":true,"audioPlay":false,"sceneViewState":{"m_AlwaysRefresh":false,"showFog":true,"showSkybox":true,"showFlares":true,"showImageEffects":true,"showParticleSystems":true,"showVisualEffectGraphs":true,"m_FxEnabled":false},"in2DMode":false,"pivot":{"x":1563.5045166015625,"y":1006.5665283203125,"z":326.8858642578125},"rotation":{"x":0.00032335560536012053,"y":0.9941689968109131,"z":-0.002982489066198468,"w":0.10778973251581192},"size":186.3710174560547,"orthographic":true}